Property : optional getter : optional setter	Label	Section	Editor	User Visible	Read Only	Group	Default	Options	Subsection	min	max	step
type	graphic
title	Star Graphic

-----	-----	-----	-----	-----	-----	-----	-----	-----	-----	-----	-----	-----
name							Star
label
tooltip
style							polygon	rectangle,roundrect,line,oval,regular,line,curve,polygon
opaque							false
visible							true
disabled							false
showName							false
antialiased							true
lineSize							1
dashes
startArrow							false
endArrow							false
points		Basic					121,2\n154,103\n245,101\n176,158\n207,250\n124,188\n57,251\n79,161\n2,110\n85,98\n121,2
markerDrawn							false
markerLineSize							1
markerFilled							false
markerPoints
layerMode
behavior
foregroundColor						Border fill
foregroundPattern						Border fill
backgroundColor
backgroundPattern
fillGradient
strokeGradient
hiliteColor						Marker border fill
hilitePattern						Marker border fill
borderColor						Marker fill
borderPattern						Marker fill
topColor
topPattern
bottomColor
bottomPattern
customProperties
blendLevel							0	0,100
ink
textFont
textSize
textStyle
textAlign
margins							8
lockLoc							false
width							100
height							100
dropShadow
innerShadow
outerGlow
innerGlow
colorOverlay
